-- Заполнение таблицы статусов заказов (игнорировать если уже есть данные)
INSERT INTO order_status (id, status_name)
VALUES
(1, 'Новый'),
(2, 'В обработке'),
(3, 'Оплачен'),
(4, 'Доставляется'),
(5, 'Завершен'),
(6, 'Отменен'),
(7, 'Возврат')
ON CONFLICT (status_name) DO NOTHING;

-- Заполнение таблицы товаров
INSERT INTO products (id, description, price, quantity, category)
VALUES
(1, 'Ноутбук ASUS X515', 49999.99, 10, 'Электроника'),
(2, 'Смартфон Xiaomi Redmi 9', 14999.50, 25, 'Электроника'),
(3, 'Наушники Sony WH-1000XM4', 23999.00, 5, 'Электроника'),
(4, 'Книга "Мастер и Маргарита"', 599.00, 14, 'Книги'),
(5, 'Кофеварка Phillips', 8999.00, 4, 'Бытовая техника'),
(6, 'Футболка Мужская', 1999.00, 13, 'Одежда'),
(7, 'Кроссовки Nike', 7499.00, 7, 'Обувь'),
(8, 'Мышь компьютерная Logitech', 2499.00, 32, 'Электроника'),
(9, 'Чайник Bosch', 3299.00, 3, 'Бытовая техника'),
(10, 'Фен Braun', 4199.00, 23, 'Бытовая техника'),
(11, 'Джинсы Levi`s', 5999.00, 21, 'Одежда'),
(12, 'Рюкзак Deuter', 6999.00, 11, 'Аксессуары'),
(13, 'Монитор Samsung 24"', 18999.00, 2, 'Электроника'),
(14, 'Клавиатура HP', 3599.00, 19, 'Электроника')

ON CONFLICT DO NOTHING;

-- Заполнение таблицы покупателей
INSERT INTO customer (id, first_name, last_name, email, phone)
VALUES
(1, 'Иван', 'Иванов', 'ivan.ivanov@mail.ru', '+7 (900) 123-45-67'),
(2, 'Петр', 'Петров', 'petr.petrov@gmail.com', '+7 (900) 234-56-78'),
(3, 'Сергей', 'Сидоров', 's.sidorov@yandex.ru', '+7 (900) 345-67-89'),
(4, 'Ольга', 'Кузнецова', 'olga.kuznetsova@mail.ru', '+7 (900) 456-78-90'),
(5, 'Анна', 'Смирнова', 'anna.smirnova@gmail.com', '+7 (900) 567-89-01'),
(6, 'Дмитрий', 'Попов', 'dmitry.popov@yandex.ru', '+7 (900) 678-90-12'),
(7, 'Елена', 'Васильева', 'elena.vasileva@mail.ru', '+7 (900) 789-01-23'),
(8, 'Алексей', 'Козлов', 'alexey.kozlov@gmail.com', '+7 (900) 890-12-34'),
(9, 'Мария', 'Новикова', 'maria.novikova@yandex.ru', '+7 (900) 901-23-45'),
(10, 'Андрей', 'Морозов', 'andrey.morozov@mail.ru', '+7 (900) 012-34-56'),
(11, 'Наталья', 'Волкова', 'natalia.volkova@gmail.com', '+7 (900) 123-45-78'),
(12, 'Михаил', 'Павлов', 'mikhail.pavlov@yandex.ru', '+7 (900) 234-56-89')
ON CONFLICT (email) DO NOTHING;

-- Заполнение таблицы заказов
INSERT INTO orders (id, order_date, customer_id, product_id, quantity, status_id)
VALUES
(1, '2025-09-20 10:30:00', 1, 1, 1, 1),   -- Иван, Ноутбук, Новый
(2, '2025-09-21 11:15:00', 2, 2, 2, 2),   -- Петр, Смартфон, В обработке
(3, '2025-09-22 14:20:00', 3, 3, 1, 4),   -- Сергей, Наушники, Доставляется
(4, '2025-09-23 16:45:00', 4, 4, 3, 5),   -- Ольга, Книга, Завершен
(5, '2025-09-24 09:10:00', 5, 5, 1, 6),   -- Анна, Кофеварка, Отменен
(6, '2025-09-25 13:30:00', 6, 6, 2, 1),   -- Дмитрий, Футболка, Новый
(7, '2025-09-26 15:00:00', 7, 7, 1, 2),   -- Елена, Кроссовки, В обработке
(8, '2025-09-19 12:00:00', 8, 8, 1, 4),   -- Алексей, Мышь, Доставляется
(9, '2025-09-18 17:20:00', 9, 9, 1, 5),   -- Мария, Чайник, Завершен
(10, '2025-09-17 08:50:00', 10, 10, 1, 5), -- Андрей, Фен, Завершен
(11, '2025-09-16 19:40:00', 11, 11, 1, 7), -- Наталья, Джинсы, Возврат
(12, '2025-09-15 12:30:00', 12, 12, 1, 5), -- Михаил, Рюкзак, Завершен
(13, '2025-09-14 10:00:00', 1, 13, 1, 5),  -- Иван, Монитор, Завершен
(14, '2025-09-13 14:15:00', 2, 14, 2, 5),  -- Петр, Клавиатура, Завершен
(15, '2025-09-12 11:05:00', 3, 1, 1, 6),  -- Сергей, Ноутбук, Отменен
(16, '2025-09-26 16:30:00', 4, 2, 1, 2),   -- Ольга, Смартфон
(17, '2025-09-26 14:20:00', 5, 2, 1, 1),   -- Анна, Смартфон
(18, '2025-09-25 11:10:00', 6, 8, 3, 2),   -- Дмитрий, Мышь (3 шт)
(19, '2025-09-25 09:45:00', 7, 8, 2, 2),   -- Елена, Мышь (2 шт)
(20, '2025-09-24 15:30:00', 8, 6, 5, 4)   -- Алексей, Футболка (5 шт)
ON CONFLICT DO NOTHING;